{
    "1": {
        "0": 0.006038514431566,
        "1": 0.007774941623210907,
        "2": 0.00945332832634449,
        "3": 0.019909188151359558,
        "4": 0.018045105040073395,
        "5": 0.02765752375125885,
        "6": 0.03319813311100006,
        "7": 0.03798965737223625,
        "8": 0.04299381002783775,
        "9": 0.044667404145002365,
        "10": 0.055230382829904556,
        "11": 0.04981255158782005,
        "12": 0.05056044086813927,
        "13": 0.05627783015370369,
        "14": 0.06209956482052803,
        "15": 0.06018151342868805,
        "16": 0.06888628005981445,
        "17": 0.06870816648006439,
        "18": 0.0691785216331482,
        "19": 0.07065417617559433,
        "20": 0.0745796263217926,
        "21": 0.08412960171699524,
        "22": 0.08830248564481735,
        "23": 0.08402317017316818,
        "24": 0.08241891860961914,
        "25": 0.08015027642250061,
        "26": 0.08786440640687943,
        "27": 0.08607382327318192,
        "28": 0.08510985225439072,
        "29": 0.08769281208515167,
        "30": 0.09301234036684036,
        "31": 0.0910143256187439,
        "32": 0.11089877039194107,
        "33": 0.09949734061956406,
        "34": 0.11749755591154099,
        "35": 0.13474947214126587,
        "36": 0.1619320958852768,
        "37": 0.20828238129615784,
        "38": 0.36270952224731445,
        "39": 0.7085999846458435
    },
    "2": {
        "0": 0.006057853810489178,
        "1": 0.008879252709448338,
        "2": 0.009722849354147911,
        "3": 0.018929345533251762,
        "4": 0.022857828065752983,
        "5": 0.03453610837459564,
        "6": 0.045680753886699677,
        "7": 0.051971349865198135,
        "8": 0.05328155308961868,
        "9": 0.06343892961740494,
        "10": 0.07601298391819,
        "11": 0.07882685959339142,
        "12": 0.07963620871305466,
        "13": 0.08242562413215637,
        "14": 0.08170926570892334,
        "15": 0.08077433705329895,
        "16": 0.07891076058149338,
        "17": 0.07590033113956451,
        "18": 0.07677098363637924,
        "19": 0.07924694567918777,
        "20": 0.0852794498205185,
        "21": 0.08450362086296082,
        "22": 0.08414231985807419,
        "23": 0.08031578361988068,
        "24": 0.07849922776222229,
        "25": 0.07911738753318787,
        "26": 0.08552031219005585,
        "27": 0.07625598460435867,
        "28": 0.0818730965256691,
        "29": 0.08644501864910126,
        "30": 0.09571628272533417,
        "31": 0.09578385949134827,
        "32": 0.12801389396190643,
        "33": 0.11021623015403748,
        "34": 0.13152040541172028,
        "35": 0.1473744809627533,
        "36": 0.18147063255310059,
        "37": 0.20421217381954193,
        "38": 0.3189131021499634,
        "39": 0.7854336500167847
    },
    "3": {
        "0": 0.00644559133797884,
        "1": 0.007761617191135883,
        "2": 0.009160276502370834,
        "3": 0.02011936902999878,
        "4": 0.018038887530565262,
        "5": 0.028562096878886223,
        "6": 0.03336043655872345,
        "7": 0.04499393701553345,
        "8": 0.05146632343530655,
        "9": 0.05338462069630623,
        "10": 0.06360145658254623,
        "11": 0.06524400413036346,
        "12": 0.06788051873445511,
        "13": 0.08058149367570877,
        "14": 0.07901521027088165,
        "15": 0.08505565673112869,
        "16": 0.09482396394014359,
        "17": 0.0951986312866211,
        "18": 0.08755148202180862,
        "19": 0.08775193989276886,
        "20": 0.09182772785425186,
        "21": 0.10243295133113861,
        "22": 0.09443692862987518,
        "23": 0.09138147532939911,
        "24": 0.0824967548251152,
        "25": 0.08558749407529831,
        "26": 0.09009826183319092,
        "27": 0.0915396437048912,
        "28": 0.0921659767627716,
        "29": 0.09037856757640839,
        "30": 0.10499052703380585,
        "31": 0.10440508276224136,
        "32": 0.1282239407300949,
        "33": 0.11107268184423447,
        "34": 0.13539212942123413,
        "35": 0.14669838547706604,
        "36": 0.18351314961910248,
        "37": 0.21110081672668457,
        "38": 0.32873737812042236,
        "39": 0.893911600112915
    },
    "4": {
        "0": 0.010635036043822765,
        "1": 0.020072413608431816,
        "2": 0.02714790590107441,
        "3": 0.03857455030083656,
        "4": 0.049491316080093384,
        "5": 0.07664834707975388,
        "6": 0.07877358794212341,
        "7": 0.08351588994264603,
        "8": 0.0963350385427475,
        "9": 0.11105954647064209,
        "10": 0.143283873796463,
        "11": 0.1519899070262909,
        "12": 0.1536007523536682,
        "13": 0.18570849299430847,
        "14": 0.17287273705005646,
        "15": 0.16849209368228912,
        "16": 0.1685343235731125,
        "17": 0.18206916749477386,
        "18": 0.20730052888393402,
        "19": 0.18553584814071655,
        "20": 0.19670172035694122,
        "21": 0.19007669389247894,
        "22": 0.20415613055229187,
        "23": 0.18336552381515503,
        "24": 0.17665395140647888,
        "25": 0.1850309818983078,
        "26": 0.23157455027103424,
        "27": 0.16456212103366852,
        "28": 0.17319506406784058,
        "29": 0.17621558904647827,
        "30": 0.1855306178331375,
        "31": 0.18480411171913147,
        "32": 0.24810312688350677,
        "33": 0.22495363652706146,
        "34": 0.2649609446525574,
        "35": 0.3148657977581024,
        "36": 0.48771679401397705,
        "37": 0.4923640787601471,
        "38": 0.48525816202163696,
        "39": 1.0860881805419922
    }
}