{
    "1": {
        "0": 0.006300389766693115,
        "1": 0.008552703075110912,
        "2": 0.010806319303810596,
        "3": 0.021467026323080063,
        "4": 0.020487885922193527,
        "5": 0.029930368065834045,
        "6": 0.036819349974393845,
        "7": 0.04103996604681015,
        "8": 0.04787762835621834,
        "9": 0.050121814012527466,
        "10": 0.058095891028642654,
        "11": 0.059612397104501724,
        "12": 0.06137045472860336,
        "13": 0.06513191759586334,
        "14": 0.0681806430220604,
        "15": 0.07484105974435806,
        "16": 0.08143054693937302,
        "17": 0.08380109071731567,
        "18": 0.08243557065725327,
        "19": 0.08714627474546432,
        "20": 0.08790812641382217,
        "21": 0.0968063697218895,
        "22": 0.095601387321949,
        "23": 0.09564826637506485,
        "24": 0.09348838776350021,
        "25": 0.09304556995630264,
        "26": 0.09803596884012222,
        "27": 0.09940075874328613,
        "28": 0.0982244610786438,
        "29": 0.09898950159549713,
        "30": 0.10384122282266617,
        "31": 0.10504401475191116,
        "32": 0.11533097177743912,
        "33": 0.11166732013225555,
        "34": 0.12511183321475983,
        "35": 0.14028756320476532,
        "36": 0.15856251120567322,
        "37": 0.19575603306293488,
        "38": 0.31642788648605347,
        "39": 0.6266689300537109
    },
    "2": {
        "0": 0.006216499023139477,
        "1": 0.008280450478196144,
        "2": 0.009343565441668034,
        "3": 0.01755935698747635,
        "4": 0.020428480580449104,
        "5": 0.030746152624487877,
        "6": 0.037408553063869476,
        "7": 0.04061009734869003,
        "8": 0.04744995757937431,
        "9": 0.05733949691057205,
        "10": 0.062329839915037155,
        "11": 0.06512551009654999,
        "12": 0.06518452614545822,
        "13": 0.07298826426267624,
        "14": 0.07169757038354874,
        "15": 0.06905914098024368,
        "16": 0.0681673139333725,
        "17": 0.06843362003564835,
        "18": 0.06957697868347168,
        "19": 0.06886974722146988,
        "20": 0.07594390958547592,
        "21": 0.08221845328807831,
        "22": 0.0830908864736557,
        "23": 0.0828394964337349,
        "24": 0.08029539883136749,
        "25": 0.08255518972873688,
        "26": 0.08941414207220078,
        "27": 0.08740664273500443,
        "28": 0.08895373344421387,
        "29": 0.0931900143623352,
        "30": 0.09686460345983505,
        "31": 0.09610719233751297,
        "32": 0.10592515766620636,
        "33": 0.10738837718963623,
        "34": 0.1233471930027008,
        "35": 0.13719329237937927,
        "36": 0.16789549589157104,
        "37": 0.190643310546875,
        "38": 0.30514365434646606,
        "39": 0.6802770495414734
    },
    "3": {
        "0": NaN,
        "1": NaN,
        "2": NaN,
        "3": NaN,
        "4": NaN,
        "5": NaN,
        "6": NaN,
        "7": NaN,
        "8": NaN,
        "9": NaN,
        "10": NaN,
        "11": NaN,
        "12": NaN,
        "13": NaN,
        "14": NaN,
        "15": NaN,
        "16": NaN,
        "17": NaN,
        "18": NaN,
        "19": NaN,
        "20": NaN,
        "21": NaN,
        "22": NaN,
        "23": NaN,
        "24": NaN,
        "25": NaN,
        "26": NaN,
        "27": NaN,
        "28": NaN,
        "29": NaN,
        "30": NaN,
        "31": NaN,
        "32": NaN,
        "33": NaN,
        "34": NaN,
        "35": NaN,
        "36": NaN,
        "37": NaN,
        "38": NaN,
        "39": NaN
    },
    "4": {
        "0": 0.010971669107675552,
        "1": 0.019999515265226364,
        "2": 0.0267642755061388,
        "3": 0.03729506954550743,
        "4": 0.047749560326337814,
        "5": 0.07581698149442673,
        "6": 0.07908174395561218,
        "7": 0.08437443524599075,
        "8": 0.09397338330745697,
        "9": 0.11453992873430252,
        "10": 0.14117079973220825,
        "11": 0.1512855887413025,
        "12": 0.15922875702381134,
        "13": 0.20525981485843658,
        "14": 0.18885375559329987,
        "15": 0.17380060255527496,
        "16": 0.18245349824428558,
        "17": 0.17076146602630615,
        "18": 0.1862456351518631,
        "19": 0.17211712896823883,
        "20": 0.201967254281044,
        "21": 0.18613511323928833,
        "22": 0.19925376772880554,
        "23": 0.17489217221736908,
        "24": 0.1720244139432907,
        "25": 0.170915424823761,
        "26": 0.20493417978286743,
        "27": 0.1535727083683014,
        "28": 0.1571943461894989,
        "29": 0.16137057542800903,
        "30": 0.18033432960510254,
        "31": 0.17202268540859222,
        "32": 0.24592941999435425,
        "33": 0.23119083046913147,
        "34": 0.3165375590324402,
        "35": 0.36737918853759766,
        "36": 0.43350401520729065,
        "37": 0.5245569944381714,
        "38": 0.49745556712150574,
        "39": 1.175199270248413
    }
}