{
    "1": {
        "0": 0.016028504818677902,
        "1": 0.008497258648276329,
        "2": 0.012899823486804962,
        "3": 0.020406071096658707,
        "4": 0.014998357743024826,
        "5": 0.024847788736224174,
        "6": 0.029775971546769142,
        "7": 0.030630530789494514,
        "8": 0.03890256583690643,
        "9": 0.040185779333114624,
        "10": 0.05390327796339989,
        "11": 0.054526735097169876,
        "12": 0.0505257323384285,
        "13": 0.0579824335873127,
        "14": 0.05811028555035591,
        "15": 0.06899289041757584,
        "16": 0.07287604361772537,
        "17": 0.061727024614810944,
        "18": 0.06588716059923172,
        "19": 0.07427820563316345,
        "20": 0.07830246537923813,
        "21": 0.07972052693367004,
        "22": 0.07116933912038803,
        "23": 0.05395948514342308,
        "24": 0.062012799084186554,
        "25": 0.06310319900512695,
        "26": 0.0644180029630661,
        "27": 0.056390825659036636,
        "28": 0.08167892694473267,
        "29": 0.05611298605799675,
        "30": 0.050916414707899094,
        "31": 0.06641541421413422,
        "32": 0.06988698989152908,
        "33": 0.07973524928092957,
        "34": 0.08295513689517975,
        "35": 0.10913550853729248,
        "36": 0.13621217012405396,
        "37": 0.2124738246202469,
        "38": 0.22605587542057037,
        "39": 0.26814883947372437
    },
    "2": {
        "0": 0.01628401130437851,
        "1": 0.007548870053142309,
        "2": 0.012039602734148502,
        "3": 0.021440831944346428,
        "4": 0.021665047854185104,
        "5": 0.031004244461655617,
        "6": 0.035664692521095276,
        "7": 0.041296619921922684,
        "8": 0.054425302892923355,
        "9": 0.05275366082787514,
        "10": 0.06757082790136337,
        "11": 0.06913987547159195,
        "12": 0.07406831532716751,
        "13": 0.09000851213932037,
        "14": 0.07292874157428741,
        "15": 0.08128901571035385,
        "16": 0.06886748224496841,
        "17": 0.07403723895549774,
        "18": 0.07250632345676422,
        "19": 0.08320953696966171,
        "20": 0.0776195153594017,
        "21": 0.08271361887454987,
        "22": 0.06654470413923264,
        "23": 0.05611260235309601,
        "24": 0.06004767864942551,
        "25": 0.07222390174865723,
        "26": 0.062346432358026505,
        "27": 0.06411656737327576,
        "28": 0.050507284700870514,
        "29": 0.050676099956035614,
        "30": 0.06467389315366745,
        "31": 0.08032471686601639,
        "32": 0.06685280799865723,
        "33": 0.08001034706830978,
        "34": 0.09953583776950836,
        "35": 0.10472837090492249,
        "36": 0.147454172372818,
        "37": 0.20873050391674042,
        "38": 0.258364200592041,
        "39": 0.3316665589809418
    },
    "3": {
        "0": NaN,
        "1": NaN,
        "2": NaN,
        "3": NaN,
        "4": NaN,
        "5": NaN,
        "6": NaN,
        "7": NaN,
        "8": NaN,
        "9": NaN,
        "10": NaN,
        "11": NaN,
        "12": NaN,
        "13": NaN,
        "14": NaN,
        "15": NaN,
        "16": NaN,
        "17": NaN,
        "18": NaN,
        "19": NaN,
        "20": NaN,
        "21": NaN,
        "22": NaN,
        "23": NaN,
        "24": NaN,
        "25": NaN,
        "26": NaN,
        "27": NaN,
        "28": NaN,
        "29": NaN,
        "30": NaN,
        "31": NaN,
        "32": NaN,
        "33": NaN,
        "34": NaN,
        "35": NaN,
        "36": NaN,
        "37": NaN,
        "38": NaN,
        "39": NaN
    },
    "4": {
        "0": 0.018527856096625328,
        "1": 0.014668351039290428,
        "2": 0.015294636599719524,
        "3": 0.03432130441069603,
        "4": 0.034257255494594574,
        "5": 0.06521110236644745,
        "6": 0.05432436987757683,
        "7": 0.06658844649791718,
        "8": 0.08531937748193741,
        "9": 0.07914242148399353,
        "10": 0.14785604178905487,
        "11": 0.1383364349603653,
        "12": 0.1512494534254074,
        "13": 0.16051185131072998,
        "14": 0.16114139556884766,
        "15": 0.15571555495262146,
        "16": 0.1914287954568863,
        "17": 0.15536221861839294,
        "18": 0.18725435435771942,
        "19": 0.13737599551677704,
        "20": 0.17038488388061523,
        "21": 0.1670996993780136,
        "22": 0.1379452347755432,
        "23": 0.0975247323513031,
        "24": 0.07480212301015854,
        "25": 0.08434789627790451,
        "26": 0.11588975787162781,
        "27": 0.11826150119304657,
        "28": 0.11637380719184875,
        "29": 0.053484976291656494,
        "30": 0.09951529651880264,
        "31": 0.11661074310541153,
        "32": 0.0554887093603611,
        "33": 0.0982055813074112,
        "34": 0.22390571236610413,
        "35": 0.08099385350942612,
        "36": 0.2669367492198944,
        "37": 0.25888708233833313,
        "38": 0.38374143838882446,
        "39": 0.4484984278678894
    }
}